John Bell = John Bell
John T. Bell = John Bell
Gonzalo Bello = Gonzalo Bello
Gonzalo A. Bello = Gonzalo Bello
Tanya Berger-Wolf = Tanya Berger-Wolf
Tanya Y. Berger-Wolf = Tanya Berger-Wolf
Daniel J. Bernstein = Daniel J. Bernstein
Emanuelle Burton = Emanuelle Burton
Ugo Buy = Ugo Buy
Ugo A. Buy = Ugo Buy
Cornelia Caragea = Cornelia Caragea
Debaleena Chattopadhyay = Debaleena Chattopadhyay
Isabel Cruz = Isabel Cruz
Isabel F. Cruz = Isabel Cruz
Bhaskar DasGupta = Bhaskar DasGupta
Barbara Di Eugenio = Barbara Di Eugenio
Jakob Eriksson = Jakob Eriksson
Piotr Gmytrasiewicz = Piotr Gmytrasiewicz
Piotr J. Gmytrasiewicz = Piotr Gmytrasiewicz
Mark Grechanik = Mark Grechanik
David Hayes = David Hayes
Joe Hummel = Joe Hummel
Joseph Hummel = Joe Hummel
Andrew Johnson = Andrew Johnson
Andrew E. Johnson = Andrew Johnson
Chris Kanich = Chris Kanich
Ian Kash = Ian Kash
Ian A. Kash = Ian Kash
Robert Kenyon = Robert Kenyon
Robert V. Kenyon = Robert Kenyon
Ajay Kshemkalyani = Ajay Kshemkalyani
Ajay D. Kshemkalyani = Ajay Kshemkalyani
John Lillis = John Lillis
Bing Liu = Bing Liu
Bing Liu 0001 = Bing Liu
William Mansky = William Mansky
G. Elisabeta Marai = G. Elisabeta Marai
Georgeta Elisabeta Marai = G. Elisabeta Marai
Evan McCarty = Evan McCarty
Nasim Mobasheri = Nasim Mobasheri
Peter Nelson = Peter Nelson
Peter C. Nelson = Peter Nelson
Natalie Parde = Natalie Parde
Natalie Paige Parde = Natalie Parde
Jason Polakis = Jason Polakis
Iasonas Polakis = Jason Polakis
Shanon Reckinger = Shanon Reckinger
Shanon M. Reckinger = Shanon Reckinger
Scott Reckinger = Scott Reckinger
Scott J. Reckinger = Scott Reckinger
Dale Reed = Dale Reed
Luc Renambot = Luc Renambot
Anastasios Sidiropoulos = Anastasios Sidiropoulos
Prasad Sistla = Prasad Sistla
A. Prasad Sistla = Prasad Sistla
Robert Sloan = Robert Sloan
Robert H. Sloan = Robert Sloan
Jon Solworth = Jon Solworth
Jon A. Solworth = Jon Solworth
Brent Stephens = Brent Stephens
Xiaorui Sun = Xiaorui Sun
Mitchell Theys = Mitchell Theys
Mitchell D. Theys = Mitchell Theys
Patrick Troy = Patrick Troy
Balajee Vamanan = Balajee Vamanan
V. N. Venkatakrishnan = V. N. Venkatakrishnan
Ouri Wolfson = Ouri Wolfson
Ouri E. Wolfson = Ouri Wolfson
Xingbo Wu = Xingbo Wu
Philip S. Yu = Philip S. Yu
Xinhua Zhang = Xinhua Zhang
Elena Zheleva = Elena Zheleva
Brian Ziebart = Brian Ziebart
Brian D. Ziebart = Brian Ziebart
Lenore Zuck = Lenore Zuck
Lenore D. Zuck = Lenore Zuck
David Hayes = David Hayes
Cody Cranch = Cody Cranch